node;chain;position;residue;closeness;betweenness
0;A;1001;MET;0.02911363442302344;0.003107968109544615
1;A;1002;TYR;0.03054171783429295;0.007522183685419576
2;A;1003;LEU;0.025213290619273944;0.0022371364653243847
3;A;1004;ARG;0.02884051267463108;0.005900635106526733
4;A;1005;ILE;0.03165086448282311;0.008252881501834251
5;A;1006;THR;0.031092487769766454;0.0048396218388561075
6;A;1007;ASN;0.027289460590539046;0.006701399836844186
7;A;1008;ILE;0.03194994365874031;0.009454028597310432
8;A;1009;VAL;0.03361020017693853;0.010535060983238993
9;A;1010;GLU;0.028806580118897064;0.0023972894113878755
10;A;1011;SER;0.034234442054415795;0.008853455049572342
11;A;1012;SER;0.034592824271935184;0.0024072989705168435
12;A;1013;PHE;0.03234499007218647;0.0022371364653243847
13;A;1014;PHE;0.03605293732636418;0.0145889324304711
14;A;1015;THR;0.037863505535483545;0.026620422503490834
15;A;1016;LYS;0.03667219593683557;0.005910644665655701
16;A;1017;PHE;0.03456812693416208;0.005400157150078325
17;A;1018;ILE;0.03703569603122334;0.009023617554764801
18;A;1019;ILE;0.04126888813306198;0.04265573622809783
19;A;1020;TYR;0.03568713828350934;0.005009784344048566
20;A;1021;LEU;0.03735723394002482;0.01251695369077469
21;A;1022;ILE;0.03990517031740948;0.008943541081733055
22;A;1023;VAL;0.03807035589139611;0.005069841698822375
23;A;1024;LEU;0.036764134390923166;0.00793257560970727
24;A;1025;ASN;0.03996453080836177;0.01785204870651472
25;A;1026;GLY;0.03911320305982502;0.007432097653258862
26;A;1027;ILE;0.03653251659593768;0.004138952699828336
27;A;1028;THR;0.0361131548751022;0.005019793903177534
28;A;1029;MET;0.04269750005659569;0.04121435971352642
29;A;1030;GLY;0.03739478325205618;0.004489287269342222
30;A;1031;LEU;0.03689142457597766;0.00471950712930849
31;A;1032;GLU;0.03806315264575952;0.012987402969836194
32;A;1033;THR;0.041204301249716344;0.007532193244548544
33;A;1034;SER;0.03908467024910751;0.010795309520592166
34;A;1035;LYS;0.03736747399637611;0.0030379011956418378
35;A;1036;THR;0.03639447507442544;0.011355844831814383
36;A;1037;PHE;0.03606311189802743;0.007702355749741003
37;A;1038;MET;0.03640514281688661;0.004659449774534681
38;A;1039;GLN;0.033560549011540465;0.0022771747018402577
39;A;1040;SER;0.033844404024652316;0.004959736548403725
40;A;1041;PHE;0.034078090821847665;0.004789574043211267
41;A;1042;GLY;0.031308631453491644;0.0022371364653243847
42;A;1043;VAL;0.0319725016458328;0.004589382860631904
43;A;1044;TYR;0.03150128351873989;0.002307203379227162
44;A;1045;THR;0.03487724030676056;0.005840577751752924
45;A;1046;THR;0.033925900671945376;0.007922566050578303
46;A;1047;LEU;0.03162372772861834;0.0034983409155743737
47;A;1048;PHE;0.033990009674606136;0.005550300537012848
48;A;1049;ASN;0.037665253138307674;0.022126130454584128
49;A;1050;GLN;0.03302791257607596;0.0035684078294771506
50;A;1051;ILE;0.03380333837837445;0.006090816729977128
51;A;1052;VAL;0.03636893230740941;0.006531237331651727
52;A;1053;ILE;0.03652577902867902;0.012546982368161595
53;A;1054;THR;0.03490773464030388;0.004929707871016821
54;A;1055;ILE;0.03676908790699247;0.005920654224784669
55;A;1056;PHE;0.03934401988501335;0.03520862423614552
56;A;1057;THR;0.03393165133049647;0.004289096086762858
57;A;1058;ILE;0.0339437667967541;0.0048896696345009484
58;A;1059;GLU;0.040312445804786594;0.0364398000090086
59;A;1060;ILE;0.036728899555333816;0.010384917596304472
60;A;1061;ILE;0.0336879181409213;0.006741438073360059
61;A;1062;LEU;0.032626665547482;0.005450204945723166
62;A;1063;ARG;0.03792008583682247;0.03267620577651657
63;A;1064;ILE;0.03324911464004632;0.0056804248056894335
64;A;1065;TYR;0.031123278820016913;0.0030579203138997742
65;A;1066;VAL;0.03395766823403719;0.02021430466095121
66;A;1067;HIS;0.03135055673539006;0.005159927730983089
67;A;1068;ARG;0.03294753028408735;0.004479277710213254
68;A;1069;ILE;0.02898950372434059;0.002257155583582321
69;A;1070;SER;0.03283819650861651;0.009614181543373922
70;A;1071;PHE;0.03465379271806754;0.005340099795304516
71;A;1072;PHE;0.03208265755796714;0.006701399836844186
72;A;1073;LYS;0.029680220523374507;0.0022971938200981937
73;A;1074;ASP;0.036407458593235346;0.015429735397304425
74;A;1075;PRO;0.037806390345651884;0.0022371364653243847
75;A;1076;TRP;0.041663218033406606;0.026660460740006706
76;A;1077;SER;0.036993781072293286;0.0064711799768779185
77;A;1078;LEU;0.03584269052073896;0.010254793327627885
78;A;1079;PHE;0.04242412393234995;0.04125439795004229
79;A;1080;ASP;0.040857454465418136;0.022906876066643645
80;A;1081;PHE;0.03481211078288388;0.0030679298730287422
81;A;1082;PHE;0.03852294580054218;0.014769104494792526
82;A;1083;VAL;0.040110028898064455;0.005009784344048566
83;A;1084;VAL;0.037825015891583866;0.005840577751752924
84;A;1085;ALA;0.03610248550670971;0.0040188379902807185
85;A;1086;ILE;0.03824136925660833;0.005830568192623956
86;A;1087;SER;0.03900288045433906;0.007362030739356085
87;A;1088;LEU;0.03522426707716992;0.003348197528639851
88;A;1089;VAL;0.03698257591170116;0.004269076968504922
89;A;1090;PRO;0.03417397750236085;0.0022371364653243847
90;A;1091;THR;0.03523436250515212;0.0022371364653243847
91;A;1095;PHE;0.03703157542428911;0.00537012847269142
92;A;1096;GLU;0.03959558995480258;0.00929387565124694
93;A;1097;ILE;0.04152246434989892;0.03135494397149278
94;A;1098;LEU;0.038923197999608854;0.00782247045928862
95;A;1099;ARG;0.037399679751646035;0.00630101747168546
96;A;1100;VAL;0.042337692252903174;0.007672327072354098
97;A;1101;LEU;0.04335114641961235;0.04212522959426252
98;A;1102;ARG;0.03959917835691405;0.01732154207267941
99;A;1103;VAL;0.04313537221145982;0.007452116771516798
100;A;1104;LEU;0.04373755510002399;0.0172614847179056
101;A;1105;ARG;0.042486601037699585;0.04174486634736173
102;A;1106;LEU;0.04418460863260501;0.015319630246885776
103;A;1107;PHE;0.047026761909711515;0.06163386033662147
104;A;1108;ARG;0.04371534251068651;0.10042090196137311
105;A;1109;LEU;0.04255640413427371;0.0028277004539335065
106;A;1110;VAL;0.04730935204285907;0.009984535231145744
107;A;1111;THR;0.04365930195124845;0.03808136770615938
108;A;1112;ALA;0.039179073080979204;0.0029277960452231883
109;A;1113;VAL;0.04592569243512405;0.10268306232451992
110;A;1114;PRO;0.04123128611542435;0.0022371364653243847
111;A;1115;GLN;0.04581259083729734;0.0035684078294771506
112;A;1116;MET;0.048539662007583056;0.015800089085076248
113;A;1117;ARG;0.04519084944946523;0.04185497149778038
114;A;1118;LYS;0.04501197348704131;0.0030679298730287422
115;A;1119;ILE;0.05023024442801072;0.03359708521638165
116;A;1120;VAL;0.04891323437832212;0.02526913202108013
117;A;1121;SER;0.044698149496610856;0.026990776191262656
118;A;1122;ALA;0.04701258675242097;0.02189591059461786
119;A;1123;LEU;0.04967466428761701;0.04998273351050253
120;A;1124;ILE;0.04576193311509563;0.017481695018742898
121;A;1125;SER;0.04295251143430447;0.017331551631808377
122;A;1126;VAL;0.04526938932505267;0.023517459173510703
123;A;1127;ILE;0.04479670713135512;0.028732439479703116
124;A;1128;PRO;0.03983091376125994;0.013978349323604042
125;A;1129;GLY;0.04044388018043583;0.002257155583582321
126;A;1130;MET;0.043045076091079514;0.021555585584232942
127;A;1131;LEU;0.04055231711585393;0.01371810078625087
128;A;1132;SER;0.036801160776120834;0.007161839556776722
129;A;1133;VAL;0.04056464902458355;0.006160883643879905
130;A;1134;ILE;0.04111520627968091;0.008302929297479092
131;A;1135;ALA;0.03925879396984927;0.010575099219754866
132;A;1136;LEU;0.037316223858607764;0.007852499136675526
133;A;1137;MET;0.04249480436846591;0.017521733255258774
134;A;1138;THR;0.04111132274807209;0.011996456616068345
135;A;1139;LEU;0.03720831738245229;0.0056403865691735606
136;A;1140;PHE;0.038743426726949255;0.013107517679383812
137;A;1141;PHE;0.03997945753510817;0.01714137000835798
138;A;1142;TYR;0.03743766565852978;0.0040588762267965905
139;A;1143;ILE;0.03527873873536852;0.004779564484082299
140;A;1144;PHE;0.03604772428377933;0.014568913312213164
141;A;1145;ALA;0.03688311748320828;0.008052690319254888
142;A;1146;ILE;0.034900918089341045;0.006601304245554504
143;A;1147;MET;0.03286138164980752;0.003908732839862069
144;A;1148;ALA;0.03360407290384822;0.007922566050578303
145;A;1149;THR;0.03671636737625086;0.015750041289431405
146;A;1150;GLN;0.03168437991258514;0.002307203379227162
147;A;1151;LEU;0.0308830222968512;0.0022871842609692257
148;A;1152;PHE;0.0333717294865211;0.008433053566155679
149;A;1153;GLY;0.03325453917020179;0.0022371364653243847
150;A;1154;GLU;0.031358876950923806;0.0022371364653243847
151;A;1155;ARG;0.029989769261935688;0.0022371364653243847
152;A;1156;PHE;0.03438157922669599;0.012717144873354054
153;A;1157;PRO;0.03534715093265081;0.0022371364653243847
154;A;1158;GLU;0.03664411400434746;0.0022371364653243847
155;A;1159;TRP;0.0360424865929207;0.010074621263306457
156;A;1160;PHE;0.0352264350516741;0.005109879935338248
157;A;1161;GLY;0.0365812400598459;0.008393015329639805
158;A;1162;THR;0.041309108760137124;0.026340154847879726
159;A;1163;LEU;0.03852976618379478;0.007792441781901716
160;A;1164;GLY;0.0413664743881371;0.0024173085296458115
161;A;1165;GLU;0.04066469213962414;0.012436877217742944
162;A;1166;SER;0.03841214339330469;0.00908367490953861
163;A;1167;PHE;0.04114783875349481;0.012837259582901672
164;A;1168;TYR;0.04262808738929572;0.0230470098944492
165;A;1169;THR;0.03812813544205522;0.005530281418754911
166;A;1170;LEU;0.03796754225311794;0.005870606429139828
167;A;1171;PHE;0.044054665236286275;0.01158606469178065
168;A;1172;GLN;0.039313700639977786;0.0317553263366515
169;A;1173;VAL;0.037356287978370456;0.0039787997537648456
170;A;1174;MET;0.04134656990890988;0.006861552782907677
171;A;1175;THR;0.04134371704988992;0.016270538364137752
172;A;1176;LEU;0.040222108824469756;0.03946268686595699
173;A;1177;GLU;0.037807570293534716;0.004799583602340235
174;A;1178;SER;0.034505405538094454;0.00291778648609422
175;A;1179;TRP;0.03598747249514509;0.020774839972173425
176;A;1180;SER;0.03159463196600669;0.003478321797316437
177;A;1181;MET;0.027856868294720918;0.0022371364653243847
178;A;1182;GLY;0.03247858230043691;0.0022371364653243847
179;A;1183;ILE;0.035307872802558836;0.01929342522108614
180;A;1184;VAL;0.03323790263034497;0.006341055708201333
181;A;1185;ARG;0.031273050319457325;0.008803407253927501
182;A;1186;PRO;0.0315767277397315;0.004689478451921585
183;A;1187;LEU;0.032729480519442494;0.005169937290112057
184;A;1188;MET;0.03076710020975312;0.0032581114964791375
185;A;1189;GLU;0.029139914877549775;0.002307203379227162
186;A;1190;VAL;0.030866382056066993;0.0025674519165803343
187;A;1191;TYR;0.031187115576938592;0.003768599012056514
188;A;1192;PRO;0.027061154941033942;0.0022371364653243847
189;A;1193;TYR;0.029152737321379973;0.0025274136800644614
190;A;1194;ALA;0.03112300361075578;0.0034082548834136603
191;A;1195;TRP;0.030852061466417127;0.006891581460294581
192;A;1196;VAL;0.03016315432367224;0.003228082819092233
193;A;1197;PHE;0.032659051774022146;0.007091772642873945
194;A;1198;PHE;0.03402252153922453;0.010975481584913592
195;A;1199;ILE;0.03354487114304333;0.009724286693792572
196;A;1200;PRO;0.033771999114221664;0.007462126330645766
197;A;1201;PHE;0.035960214969682394;0.0073520211802271165
198;A;1202;ILE;0.03649632652634661;0.021065117186913503
199;A;1203;PHE;0.03586542714038769;0.00597070202042951
200;A;1204;VAL;0.03625992280773481;0.008683292544379884
201;A;1205;VAL;0.03844552445500887;0.008473091802671551
202;A;1206;THR;0.039076166003945374;0.010595118338012802
203;A;1207;PHE;0.03619619308361199;0.003758589452927546
204;A;1208;VAL;0.039775668787383124;0.01868284211421908
205;A;1209;MET;0.041632101311858245;0.009494066833826304
206;A;1210;ILE;0.038871796120473;0.007752403545385844
207;A;1211;ASN;0.03817975661472828;0.00684153366464974
208;A;1212;LEU;0.042049138227840496;0.020444524520917474
209;A;1213;VAL;0.04205612884341979;0.013257661066318333
210;A;1214;VAL;0.039016089292553645;0.009313894769504878
211;A;1215;ALA;0.03858253131442828;0.0035684078294771506
212;A;1216;ILE;0.044474244288566826;0.03356705653899474
213;A;1217;CYS;0.041711803908610665;0.01033486980065963
214;A;1218;VAL;0.03905027631346525;0.009524095511213209
215;A;1219;ASP;0.03842267608351733;0.003988809312893814
216;A;1220;ALA;0.03904523141112873;0.0022471460244533528
217;A;1221;MET;0.03978691658428165;0.0148091427313084
218;A;4001;PX4;0.04596572602144428;0.1376464523620057
219;A;4003;PX4;0.035506046552636936;0.0022471460244533528
220;A;4005;PX4;0.03653255541056954;0.002387279852258907
221;A;4007;PX4;0.045088573324914144;0.07331501584012733
222;A;4013;PX4;0.04158835511170666;0.03774104269577446
223;A;4015;PX4;0.04801755186540133;0.09820878939387115
224;B;2001;MET;0.024623733378842223;0.0024673563252906525
225;B;2002;TYR;0.025915863424675258;0.0024573467661616845
226;B;2003;LEU;0.024725699615606635;0.0022971938200981937
227;B;2004;ARG;0.02484686383107067;0.0022471460244533528
228;B;2005;ILE;0.02653064458604804;0.007592250599322353
229;B;2006;THR;0.025797631604280263;0.0029978629591259653
230;B;2007;ASN;0.026557350985634214;0.0064611704177489505
231;B;2008;ILE;0.027097120079281188;0.0064211321812330776
232;B;2009;VAL;0.028430714253958028;0.010945452907526689
233;B;2010;GLU;0.027293991273616383;0.0028877578087073154
234;B;2011;SER;0.02891037383118335;0.010755271284076292
235;B;2012;SER;0.029327991396072763;0.0023972894113878755
236;B;2013;PHE;0.028628390743077117;0.002267165142711289
237;B;2014;PHE;0.030555156432147505;0.01632058615978259
238;B;2015;THR;0.03184412535728471;0.02784158871722495
239;B;2016;LYS;0.03086015537639481;0.012697125755096118
240;B;2017;PHE;0.028449007826532095;0.0036685034207668324
241;B;2018;ILE;0.03073994556210087;0.005009784344048566
242;B;2019;ILE;0.034279075385208226;0.06219439564784369
243;B;2020;TYR;0.029147918316969217;0.006731428514231091
244;B;2021;LEU;0.02934547575154456;0.0056904343648184015
245;B;2022;ILE;0.03266895017999712;0.010525051424110025
246;B;2023;VAL;0.031172091563660423;0.017021255298810364
247;B;2024;LEU;0.027597336949592894;0.00416898137721524
248;B;2025;ASN;0.03108525077869597;0.01180627499261795
249;B;2026;GLY;0.03060584998984254;0.008453072684413615
250;B;2027;ILE;0.029102847117861087;0.014438789043536578
251;B;2028;THR;0.02861846565841743;0.004599392419760872
252;B;2029;MET;0.032770751656939046;0.043976998033121634
253;B;2030;GLY;0.02783850107047445;0.0036184556251219915
254;B;2031;LEU;0.026885007410217737;0.011435921304846127
255;B;2032;GLU;0.029994399703357412;0.027701454889419396
256;B;2033;THR;0.02950923176841098;0.0022371364653243847
257;B;2034;SER;0.025440005381670936;0.002497385002677557
258;B;2035;LYS;0.024676663935856144;0.00919378005995726
259;B;2036;THR;0.02202463990576015;0.0024473372070327164
260;B;2037;PHE;0.02481761275440971;0.00706174396548704
261;B;2038;MET;0.027045336878712762;0.016270538364137752
262;B;2039;GLN;0.022802567109944473;0.004969746107532693
263;B;2040;SER;0.023321895691334568;0.00427908652763389
264;B;2041;PHE;0.02582222111307983;0.0024173085296458115
265;B;2042;GLY;0.025724892361180245;0.0022371364653243847
266;B;2043;VAL;0.025949241541984032;0.004078895345054527
267;B;2044;TYR;0.025456088247772568;0.0022371364653243847
268;B;2045;THR;0.028154614308237985;0.011105605853590179
269;B;2046;THR;0.027671305500003157;0.006961648374197359
270;B;2047;LEU;0.026819944750913805;0.0035183600338323097
271;B;2048;PHE;0.027604692649537306;0.0072619351480664035
272;B;2049;ASN;0.030281448791868438;0.01982393185492145
273;B;2050;GLN;0.02752286290972816;0.003047910754770806
274;B;2051;ILE;0.02877737302756699;0.007211887352421563
275;B;2052;VAL;0.029851675239952014;0.010805319079721133
276;B;2053;ILE;0.029601194431372994;0.005850587310881892
277;B;2054;THR;0.029635298863038773;0.007592250599322353
278;B;2055;ILE;0.030999386947246944;0.010434965391949312
279;B;2056;PHE;0.03213046550359655;0.02206607309981032
280;B;2057;THR;0.02920301254880235;0.004629421097147776
281;B;2058;ILE;0.029447645183149202;0.0036885225390247685
282;B;2059;GLU;0.03378418977010203;0.05908142275873459
283;B;2060;ILE;0.03152427930172945;0.008893493286088214
284;B;2061;ILE;0.02933130722024576;0.004419220355439445
285;B;2062;LEU;0.03064517345373848;0.01693116926664965
286;B;2063;ARG;0.03325539518569007;0.008222852824447346
287;B;2064;ILE;0.031170437371443777;0.00897356975911996
288;B;2065;TYR;0.02885464302513881;0.003698532098153737
289;B;2066;VAL;0.028242852899659585;0.010745261724947325
290;B;2067;HIS;0.0305236944104287;0.014879209645211177
291;B;2068;ARG;0.03111443122123653;0.006611313804683472
292;B;2069;ILE;0.027828667300064558;0.002607490153096207
293;B;2070;SER;0.02806747521506937;0.006351065267330301
294;B;2071;PHE;0.033940197220639526;0.030864475574173336
295;B;2072;PHE;0.03045893852302767;0.007311982943711244
296;B;2073;LYS;0.025923364734434542;0.0022871842609692257
297;B;2074;ASP;0.03642764292532388;0.05975206322037546
298;B;2075;PRO;0.031169144137139792;0.002387279852258907
299;B;2076;TRP;0.036917773876405074;0.01137586395007232
300;B;2077;SER;0.03379250825383905;0.009994544790274713
301;B;2078;LEU;0.03373834696742454;0.01699122662142346
302;B;2079;PHE;0.034015476813658393;0.00907366535040964
303;B;2080;ASP;0.03483612370424422;0.017791991351740914
304;B;2081;PHE;0.03151095671917223;0.0064611704177489505
305;B;2082;PHE;0.03129435993022548;0.004619411538018808
306;B;2083;VAL;0.03224513109340997;0.004379182118923572
307;B;2084;VAL;0.03183731658286874;0.0064011130629751415
308;B;2085;ALA;0.029429308431003075;0.0033682166468977873
309;B;2086;ILE;0.029281479654088133;0.0031980541417053285
310;B;2087;SER;0.03106617226741566;0.0038686946033461957
311;B;2088;LEU;0.02960452330624375;0.0032581114964791375
312;B;2089;VAL;0.029306553830533735;0.0030379011956418378
313;B;2090;PRO;0.028453583993070308;0.0022371364653243847
314;B;2091;THR;0.027860528325369123;0.0022371364653243847
315;B;2092;SER;0.02531897662395745;0.0022371364653243847
316;B;2095;PHE;0.02650581334155587;0.0022471460244533528
317;B;2096;GLU;0.027989231096373888;0.002387279852258907
318;B;2097;ILE;0.029692974642199672;0.00684153366464974
319;B;2098;LEU;0.029298084744218543;0.006731428514231091
320;B;2099;ARG;0.02887757889861688;0.006931619696810454
321;B;2100;VAL;0.03004577443487729;0.006291007912556492
322;B;2101;LEU;0.03196704605185526;0.019643759790600023
323;B;2102;ARG;0.03161878413254818;0.020274362015725016
324;B;2103;VAL;0.032317423906564904;0.009454028597310432
325;B;2104;LEU;0.034363518827402934;0.029683347596955092
326;B;2105;ARG;0.03323814483859945;0.03558898748304631
327;B;2106;LEU;0.03519146914700133;0.0587310881892207
328;B;2107;PHE;0.03679276708523994;0.04813096507164342
329;B;2108;ARG;0.035643369193061235;0.11651627304075392
330;B;2109;LEU;0.03428156762936516;0.0030679298730287422
331;B;2110;VAL;0.039912121900727744;0.10850862573757938
332;B;2111;THR;0.03804788313324571;0.12426367180657528
333;B;2112;ALA;0.03247561150595658;0.0027576335400307296
334;B;2113;VAL;0.037629822888966984;0.0693912686615718
335;B;2114;PRO;0.035030376116524625;0.0022371364653243847
336;B;2115;GLN;0.03697458861427516;0.0022371364653243847
337;B;2116;MET;0.039659805816008496;0.03934257215640937
338;B;2117;ARG;0.04106186157761694;0.2334879810218759
339;B;2118;LYS;0.03969644210646908;0.0025874710348382708
340;B;2119;ILE;0.04129426003318873;0.00690159101942355
341;B;2120;VAL;0.043292286370242024;0.14971798067154132
342;B;2121;SER;0.04287681768450983;0.15370178520487066
343;B;2122;ALA;0.0437621422812;0.08348472791515897
344;B;2123;LEU;0.044781304937244054;0.016570825138006798
345;B;2124;ILE;0.045843069430405496;0.176863905029303
346;B;2125;SER;0.04384992534721879;0.12200151144342847
347;B;2126;VAL;0.047409414873425815;0.09695759450275013
348;B;2127;ILE;0.04881342961190816;0.18489157145073545
349;B;2128;PRO;0.046616876644235646;0.12283230485113283
350;B;2129;GLY;0.044280561239768514;0.002797671776546602
351;B;2130;MET;0.0509439271476769;0.14346200621593622
352;B;2131;LEU;0.049561678511020855;0.0669088979975877
353;B;2132;SER;0.04908178628714187;0.03844171183480224
354;B;2133;VAL;0.05127015794649595;0.017441656782227026
355;B;2134;ILE;0.050284388024936066;0.07053235840227418
356;B;2135;ALA;0.04916911888938953;0.030814427778528494
357;B;2136;LEU;0.05117692033093034;0.04745031505087358
358;B;2137;MET;0.05272707498733721;0.03632969485858995
359;B;2138;THR;0.04845953428327753;0.014909238322598082
360;B;2139;LEU;0.0494193994470555;0.03243597635742134
361;B;2140;PHE;0.05161692023430626;0.08053190797211336
362;B;2141;PHE;0.04907081610365864;0.01758179061003258
363;B;2142;TYR;0.047585473677195685;0.013778158141024678
364;B;2143;ILE;0.048825346274926455;0.03509851908572687
365;B;2144;PHE;0.047924822999798035;0.01954366419931034
366;B;2145;ALA;0.04594899004222685;0.0036785129798958005
367;B;2146;ILE;0.046258983246176055;0.037290612534970895
368;B;2147;MET;0.04651520953697069;0.032285832970486816
369;B;2148;ALA;0.044190536146869956;0.00940398080166559
370;B;2149;THR;0.045038101024390126;0.020084180392274623
371;B;2150;GLN;0.041879711350413615;0.0022371364653243847
372;B;2151;LEU;0.043594002713555985;0.005280042440530707
373;B;2152;PHE;0.04364569033958788;0.012476915454258818
374;B;2153;GLY;0.04056401218916804;0.0022371364653243847
375;B;2154;GLU;0.03728052342855713;0.0022371364653243847
376;B;2155;ARG;0.03855243955438899;0.0022371364653243847
377;B;2156;PHE;0.04137979682797474;0.007512174126290607
378;B;2157;PRO;0.04085751795240035;0.0022471460244533528
379;B;2158;GLU;0.0389983615453472;0.0022371364653243847
380;B;2159;TRP;0.04272897641159758;0.011035538939687402
381;B;2160;PHE;0.043614900528267185;0.010895405111881848
382;B;2161;GLY;0.041736121829140174;0.005560310096141816
383;B;2162;THR;0.04620667968723347;0.041724847229103794
384;B;2163;LEU;0.04476342529730377;0.011135634530977084
385;B;2164;GLY;0.04591684695278034;0.003158015905189456
386;B;2165;GLU;0.04533765599652879;0.011746217637844142
387;B;2166;SER;0.04483488125677289;0.01120570144487986
388;B;2167;PHE;0.04672020502540084;0.005510262300496975
389;B;2168;TYR;0.04584379818021661;0.01398835888273301
390;B;2169;THR;0.04361750511968999;0.004399201237181508
391;B;2170;LEU;0.046190192613103184;0.010855366875365974
392;B;2171;PHE;0.04572632274129614;0.0056203674509156245
393;B;2172;GLN;0.04381271368499424;0.015910194235494897
394;B;2173;VAL;0.04306671216772393;0.006381093944717205
395;B;2174;MET;0.046333587943482156;0.0036084460659930235
396;B;2175;THR;0.0422550828752627;0.0025774614757093023
397;B;2176;LEU;0.04300924217619064;0.008893493286088214
398;B;2177;GLU;0.03824022096174926;0.0022371364653243847
399;B;2178;SER;0.03789813067258497;0.0027175953035148566
400;B;2179;TRP;0.042337042639179444;0.01137586395007232
401;B;2180;SER;0.04012829563727324;0.01387825373231436
402;B;2181;MET;0.03578437918184906;0.004138952699828336
403;B;2182;GLY;0.03647275941800903;0.0022771747018402577
404;B;2183;ILE;0.04211986748920077;0.019753864941018672
405;B;2184;VAL;0.04137551463688912;0.007201877793292595
406;B;2185;ARG;0.03967935882417013;0.019343473016730978
407;B;2186;PRO;0.03782130979511006;0.005940673343042606
408;B;2187;LEU;0.04202294509208663;0.012036494852584219
409;B;2188;MET;0.0418561664807953;0.0277314835668063
410;B;2189;GLU;0.03578417578916314;0.002867738690449379
411;B;2190;VAL;0.038595646877288385;0.005270032881401739
412;B;2191;TYR;0.04164474184359316;0.030864475574173336
413;B;2192;PRO;0.04116876180666211;0.0022371364653243847
414;B;2193;TYR;0.042197733481380985;0.022306302518905554
415;B;2194;ALA;0.042165630558705904;0.003268121055608106
416;B;2195;TRP;0.04352437189560228;0.009714277134663604
417;B;2196;VAL;0.04242807018343161;0.0036685034207668324
418;B;2197;PHE;0.04508312541641377;0.011005510262300497
419;B;2198;PHE;0.0459122769428545;0.02435826214034403
420;B;2199;ILE;0.04482824464227261;0.005720463042205306
421;B;2200;PRO;0.046585690939270744;0.013648033872348092
422;B;2201;PHE;0.048354476607683564;0.02352746873263967
423;B;2202;ILE;0.04658448205246847;0.01818236415777067
424;B;2203;PHE;0.0483652544012382;0.10424455354863894
425;B;2204;VAL;0.049453565756979206;0.01622049056849291
426;B;2205;VAL;0.04891933682889539;0.010384917596304472
427;B;2206;THR;0.04869822137100197;0.06471680454834366
428;B;2207;PHE;0.05013293077449768;0.035298710268306235
429;B;2208;VAL;0.051389233783075396;0.0813727109389467
430;B;2209;MET;0.0507554903644619;0.06902091497379997
431;B;2210;ILE;0.045780103721123545;0.007412078535000926
432;B;2211;ASN;0.048357071210168745;0.010805319079721133
433;B;2212;LEU;0.05036866595714827;0.12712640571746017
434;B;2213;VAL;0.04510994110074712;0.004709497570179522
435;B;2214;VAL;0.046148075857525714;0.02598982027836584
436;B;2215;ALA;0.04602264478857897;0.006781476309875931
437;B;2216;ILE;0.048083196192241155;0.09726789083574813
438;B;2217;CYS;0.04408740115224939;0.0057104534830763375
439;B;2218;VAL;0.04265915203912653;0.00269757618525692
440;B;2219;ASP;0.044475133723891974;0.014709047140018718
441;B;2220;ALA;0.043513817681387144;0.004479277710213254
442;B;2221;MET;0.042178036037782085;0.016901140589262745
443;B;4002;PX4;0.04263172607275303;0.04608901500933391
444;B;4011;PX4;0.05065322833874745;0.0894203964786371
445;B;4012;PX4;0.027090598780413973;0.0022471460244533528
446;B;4017;PX4;0.04531338003754013;0.006280998353427524
